school_name,address,postal_code,full_address,latitude,longitude,dgp_code,zone_code
ADMIRALTY PRIMARY SCHOOL,11   WOODLANDS CIRCLE,738907,11   WOODLANDS CIRCLE 738907,1.4430507,103.8004349,WOODLANDS,NORTH
ADMIRALTY SECONDARY SCHOOL,31   WOODLANDS CRESCENT,737916,31   WOODLANDS CRESCENT 737916,1.4462673,103.8026082,WOODLANDS,NORTH
AHMAD IBRAHIM PRIMARY SCHOOL,10   YISHUN STREET 11,768643,10   YISHUN STREET 11 768643,1.4337487,103.8330381,YISHUN,NORTH
AHMAD IBRAHIM SECONDARY SCHOOL,751  YISHUN AVENUE 7,768928,751  YISHUN AVENUE 7 768928,1.4364306,103.8299804,YISHUN,NORTH
AI TONG SCHOOL,100  Bright Hill Drive,579646,100  Bright Hill Drive 579646,1.360415,103.832615,BISHAN,SOUTH
ALEXANDRA PRIMARY SCHOOL,2A   Prince Charles Crescent,159016,2A   Prince Charles Crescent 159016,1.2912968,103.8235297,BUKIT MERAH,SOUTH
ANCHOR GREEN PRIMARY SCHOOL,31   Anchorvale Drive,544969,31   Anchorvale Drive 544969,1.3909254,103.8874074,SENG KANG,NORTH
ANDERSON PRIMARY SCHOOL,19   ANG MO KIO AVE 9,569785,19   ANG MO KIO AVE 9 569785,1.384692,103.841225,ANG MO KIO,NORTH
ANDERSON SECONDARY SCHOOL,10   ANG MO KIO STREET 53,569206,10   ANG MO KIO STREET 53 569206,1.3754151,103.8516979,ANG MO KIO,NORTH
ANDERSON SERANGOON JUNIOR COLLEGE,4500 ANG MO KIO AVENUE 6,569843,4500 ANG MO KIO AVENUE 6 569843,1.378043,103.8457619,ANG MO KIO,NORTH
ANG MO KIO PRIMARY SCHOOL,20   ANG MO KIO AVENUE 3,569920,20   ANG MO KIO AVENUE 3 569920,1.3693469,103.839815,ANG MO KIO,SOUTH
ANG MO KIO SECONDARY SCHOOL,6    ANG MO KIO STREET 22,569362,6    ANG MO KIO STREET 22 569362,1.3678468,103.8430018,ANG MO KIO,SOUTH
ANGLICAN HIGH SCHOOL,600  UPPER CHANGI ROAD,487012,600  UPPER CHANGI ROAD 487012,1.3300216,103.942429,BEDOK,EAST
ANGLO-CHINESE JUNIOR COLLEGE,25   DOVER CLOSE EAST,139745,25   DOVER CLOSE EAST 139745,1.3032395,103.7851322,QUEENSTOWN,WEST
ANGLO-CHINESE SCHOOL (BARKER ROAD),60   BARKER ROAD,309919,60   BARKER ROAD 309919,1.3188316,103.8359365,NOVENA,SOUTH
ANGLO-CHINESE SCHOOL (INDEPENDENT),121  DOVER ROAD,139650,121  DOVER ROAD 139650,1.302298,103.7809869,QUEENSTOWN,SOUTH
ANGLO-CHINESE SCHOOL (JUNIOR),16   WINSTEDT ROAD,227988,16   WINSTEDT ROAD 227988,1.3093609,103.841643,CENTRAL,SOUTH
ANGLO-CHINESE SCHOOL (PRIMARY),50   BARKER ROAD,309918,50   BARKER ROAD 309918,1.3186587,103.8351774,NOVENA,SOUTH
ANGSANA PRIMARY SCHOOL,3    Tampines Street 22,529366,3    Tampines Street 22 529366,1.348251,103.951859,TAMPINES,EAST
ASSUMPTION ENGLISH SCHOOL,622  UPPER BUKIT TIMAH ROAD,678117,622  UPPER BUKIT TIMAH ROAD 678117,1.3681024,103.7661047,BUKIT PANJANG,WEST
ASSUMPTION PATHWAY SCHOOL,30   Cashew Road,679697,30   Cashew Road 679697,1.3705274,103.7667515,BUKIT PANJANG,WEST
BARTLEY SECONDARY SCHOOL,10   JALAN BUNGA RAMPAI,538403,10   JALAN BUNGA RAMPAI 538403,1.3402885,103.8828397,TOA PAYOH,SOUTH
BEACON PRIMARY SCHOOL,36   Bukit Panjang Ring Road,679944,36   Bukit Panjang Ring Road 679944,1.384235,103.77377,BUKIT PANJANG,WEST
BEATTY SECONDARY SCHOOL,1    TOA PAYOH NORTH,318990,1    TOA PAYOH NORTH 318990,1.34154,103.851956,TOA PAYOH,SOUTH
BEDOK GREEN PRIMARY SCHOOL,1    BEDOK SOUTH AVE 2,469317,1    BEDOK SOUTH AVE 2 469317,1.3237397,103.9380502,BEDOK,EAST
BEDOK GREEN SECONDARY SCHOOL,360  BEDOK NORTH AVE 3,469722,360  BEDOK NORTH AVE 3 469722,1.3341416,103.935336,BEDOK,EAST
BEDOK SOUTH SECONDARY SCHOOL,1    JALAN LANGGAR BEDOK,468585,1    JALAN LANGGAR BEDOK 468585,1.3248026,103.9509818,BEDOK,EAST
BEDOK VIEW SECONDARY SCHOOL,6    BEDOK SOUTH AVENUE 3,469293,6    BEDOK SOUTH AVENUE 3 469293,1.3246274,103.9438629,BEDOK,EAST
BENDEMEER PRIMARY SCHOOL,91   BENDEMEER ROAD,339948,91   BENDEMEER ROAD 339948,1.3219582,103.8652706,KALLANG,SOUTH
BENDEMEER SECONDARY SCHOOL,1    ST WILFRED ROAD,327919,1    ST WILFRED ROAD 327919,1.3244003,103.8603946,KALLANG,SOUTH
BLANGAH RISE PRIMARY SCHOOL,91   TELOK BLANGAH HEIGHTS,109100,91   TELOK BLANGAH HEIGHTS 109100,1.2762766,103.8084074,BUKIT MERAH,SOUTH
BOON LAY GARDEN PRIMARY SCHOOL,20   BOON LAY DRIVE,649930,20   BOON LAY DRIVE 649930,1.34287,103.712983,JURONG WEST,WEST
BOON LAY SECONDARY SCHOOL,11   JURONG WEST STREET 65,648354,11   JURONG WEST STREET 65 648354,1.3421935,103.7019449,JURONG WEST,WEST
BOWEN SECONDARY SCHOOL,2    LORONG NAPIRI,547529,2    LORONG NAPIRI 547529,1.370117,103.877649,HOUGANG,NORTH
BROADRICK SECONDARY SCHOOL,61   DAKOTA CRESCENT,399935,61   DAKOTA CRESCENT 399935,1.307525,103.8866552,GEYLANG,EAST
BUKIT BATOK SECONDARY SCHOOL,50   BUKIT BATOK WEST AVE 8,658962,50   BUKIT BATOK WEST AVE 8 658962,1.348506,103.740867,BUKIT BATOK,WEST
BUKIT MERAH SECONDARY SCHOOL,10   LENGKOK BAHRU,159050,10   LENGKOK BAHRU 159050,1.2856371,103.8134545,BUKIT MERAH,SOUTH
BUKIT PANJANG GOVT. HIGH SCHOOL,7    CHOA CHU KANG AVE 4,689809,7    CHOA CHU KANG AVE 4 689809,1.38166,103.738424,CHOA CHU KANG,WEST
BUKIT PANJANG PRIMARY SCHOOL,109  CASHEW ROAD,679676,109  CASHEW ROAD 679676,1.372936,103.7692713,BUKIT PANJANG,WEST
BUKIT TIMAH PRIMARY SCHOOL,111  Lorong Kismis,598112,111  Lorong Kismis 598112,1.337385,103.766768,BUKIT TIMAH,WEST
BUKIT VIEW PRIMARY SCHOOL,18   BUKIT BATOK STREET 21,659634,18   BUKIT BATOK STREET 21 659634,1.3459352,103.75348,BUKIT BATOK,WEST
BUKIT VIEW SECONDARY SCHOOL,16   BUKIT BATOK STREET 21,659633,16   BUKIT BATOK STREET 21 659633,1.345925,103.7521004,BUKIT BATOK,WEST
CANBERRA PRIMARY SCHOOL,21   ADMIRALTY DRIVE,757714,21   ADMIRALTY DRIVE 757714,1.4511784,103.8156488,SEMBAWANG,NORTH
CANBERRA SECONDARY SCHOOL,51   SEMBAWANG DRIVE,757699,51   SEMBAWANG DRIVE 757699,1.4536086,103.8144714,SEMBAWANG,NORTH
CANOSSA CATHOLIC PRIMARY SCHOOL,1    Sallim Road,387621,1    Sallim Road 387621,1.3261933,103.8822789,GEYLANG,EAST
CANTONMENT PRIMARY SCHOOL,1    Cantonment Close,88256,1    Cantonment Close 88256,1.2754392,103.8400126,BUKIT MERAH,SOUTH
CASUARINA PRIMARY SCHOOL,30   PASIR RIS ST 41,518935,30   PASIR RIS ST 41 518935,1.3725006,103.9570205,PASIR RIS,EAST
CATHOLIC HIGH SCHOOL,9    BISHAN STREET 22,579767,9    BISHAN STREET 22 579767,1.3551578,103.8454488,BISHAN,NORTH
CATHOLIC JUNIOR COLLEGE,129  WHITLEY ROAD,297822,129  WHITLEY ROAD 297822,1.324644,103.8355543,NOVENA,SOUTH
CEDAR GIRLS' SECONDARY SCHOOL,1    CEDAR AVENUE,349692,1    CEDAR AVENUE 349692,1.333751,103.874242,TOA PAYOH,EAST
CEDAR PRIMARY SCHOOL,15   CEDAR AVENUE,349700,15   CEDAR AVENUE 349700,1.3356131,103.8754605,TOA PAYOH,SOUTH
CHANGKAT CHANGI SECONDARY SCHOOL,23   SIMEI ST 3,529894,23   SIMEI ST 3 529894,1.3409376,103.9526189,TAMPINES,EAST
CHANGKAT PRIMARY SCHOOL,11   SIMEI ST 3,529896,11   SIMEI ST 3 529896,1.3401906,103.9521967,TAMPINES,EAST
CHIJ (KATONG) PRIMARY,17   MARTIA ROAD,424821,17   MARTIA ROAD 424821,1.3064102,103.9109552,BEDOK,EAST
CHIJ (KELLOCK),1    Bukit Teresa Road,99757,1    Bukit Teresa Road 99757,1.2749325,103.8279734,BUKIT MERAH,SOUTH
CHIJ KATONG CONVENT,346  MARINE TERRACE,449150,346  MARINE TERRACE 449150,1.3065932,103.9173898,MARINE PARADE,EAST
CHIJ OUR LADY OF GOOD COUNSEL,2C   Burghley Drive,558979,2C   Burghley Drive 558979,1.35732,103.863998,SERANGOON,SOUTH
CHIJ OUR LADY OF THE NATIVITY,1257 UPPER SERANGOON ROAD,534793,1257 UPPER SERANGOON ROAD 534793,1.372971,103.898088,HOUGANG,SOUTH
CHIJ OUR LADY QUEEN OF PEACE,4    Chestnut Drive,679287,4    Chestnut Drive 679287,1.366297,103.767594,BUKIT PANJANG,WEST
CHIJ PRIMARY (TOA PAYOH),628  Lorong 1 Toa Payoh,319765,628  Lorong 1 Toa Payoh 319765,1.333107,103.841908,TOA PAYOH,SOUTH
CHIJ SECONDARY (TOA PAYOH),626  LORONG 1 TOA PAYOH,319764,626  LORONG 1 TOA PAYOH 319764,1.3324745,103.8432669,TOA PAYOH,SOUTH
CHIJ ST. JOSEPH'S CONVENT,62   SENGKANG EAST WAY,548595,62   SENGKANG EAST WAY 548595,1.391747,103.902461,SENG KANG,NORTH
CHIJ ST. NICHOLAS GIRLS' SCHOOL,501  ANG MO KIO STREET 13,569405,501  ANG MO KIO STREET 13 569405,1.3736139,103.834125,ANG MO KIO,NORTH
CHIJ ST. THERESA'S CONVENT,160  LOWER DELTA ROAD,99138,160  LOWER DELTA ROAD 99138,1.2753258,103.8218103,BUKIT MERAH,SOUTH
CHONGFU SCHOOL,170  YISHUN AVENUE 6,768959,170  YISHUN AVENUE 6 768959,1.438563,103.839285,YISHUN,NORTH
CHONGZHENG PRIMARY SCHOOL,1    TAMPINES STREET 21,529392,1    TAMPINES STREET 21 529392,1.350835,103.951438,TAMPINES,EAST
CHRIST CHURCH SECONDARY SCHOOL,20   WOODLANDS DRIVE 17,737924,20   WOODLANDS DRIVE 17 737924,1.426395,103.793419,WOODLANDS,NORTH
CHUA CHU KANG PRIMARY SCHOOL,20   CHOA CHU KANG AVENUE 2,689905,20   CHOA CHU KANG AVENUE 2 689905,1.3780073,103.7417264,CHOA CHU KANG,WEST
CHUA CHU KANG SECONDARY SCHOOL,3    TECK WHYE CRESCENT,688845,3    TECK WHYE CRESCENT 688845,1.3825531,103.7525502,CHOA CHU KANG,WEST
CHUNG CHENG HIGH SCHOOL (MAIN),50   GOODMAN ROAD,439012,50   GOODMAN ROAD 439012,1.3057146,103.891653,MARINE PARADE,EAST
CHUNG CHENG HIGH SCHOOL (YISHUN),11   YISHUN STREET 61,768547,11   YISHUN STREET 61 768547,1.418737,103.837311,YISHUN,NORTH
CLEMENTI PRIMARY SCHOOL,8    CLEMENTI AVE 3,129903,8    CLEMENTI AVE 3 129903,1.3155074,103.7632163,CLEMENTI,WEST
CLEMENTI TOWN SECONDARY SCHOOL,10   CLEMENTI AVE 3,129904,10   CLEMENTI AVE 3 129904,1.3154809,103.7618194,CLEMENTI,WEST
COMMONWEALTH SECONDARY SCHOOL,698  WEST COAST ROAD,608784,698  WEST COAST ROAD 608784,1.3192,103.745652,JURONG EAST,WEST
COMPASSVALE PRIMARY SCHOOL,21   COMPASSVALE ST,545091,21   COMPASSVALE ST 545091,1.3944615,103.898003,SENG KANG,NORTH
COMPASSVALE SECONDARY SCHOOL,51   COMPASSVALE CRESCENT,545083,51   COMPASSVALE CRESCENT 545083,1.396086,103.899711,SENG KANG,NORTH
CONCORD PRIMARY SCHOOL,3    CHOA CHU KANG AVE 4,689814,3    CHOA CHU KANG AVE 4 689814,1.3803739,103.736341,CHOA CHU KANG,WEST
CORPORATION PRIMARY SCHOOL,31   JURONG WEST STREET 24,648347,31   JURONG WEST STREET 24 648347,1.351499,103.707576,JURONG WEST,WEST
CRESCENT GIRLS' SCHOOL,357  TANGLIN ROAD,247961,357  TANGLIN ROAD 247961,1.2934751,103.8178223,BUKIT MERAH,SOUTH
CREST SECONDARY SCHOOL,561  JURONG EAST STREET 24,609561,561  JURONG EAST STREET 24 609561,1.34309,103.7431263,JURONG EAST,WEST
DAMAI PRIMARY SCHOOL,52   BEDOK RESERVOIR CRESCENT,479226,52   BEDOK RESERVOIR CRESCENT 479226,1.3358357,103.9202895,BEDOK,EAST
DAMAI SECONDARY SCHOOL,4800 BEDOK RESERVOIR ROAD,479229,4800 BEDOK RESERVOIR ROAD 479229,1.3364646,103.9270415,BEDOK,EAST
DAZHONG PRIMARY SCHOOL,35   BUKIT BATOK STREET 31,659441,35   BUKIT BATOK STREET 31 659441,1.359,103.7485279,BUKIT BATOK,WEST
DE LA SALLE SCHOOL,11   Choa Chu Kang St 52,689285,11   Choa Chu Kang St 52 689285,1.3947804,103.7435172,CHOA CHU KANG,WEST
DEYI SECONDARY SCHOOL,1    ANG MO KIO STREET 42,569277,1    ANG MO KIO STREET 42 569277,1.365893,103.852329,ANG MO KIO,SOUTH
DUNEARN SECONDARY SCHOOL,21   BUKIT BATOK WEST AVENUE 2,659204,21   BUKIT BATOK WEST AVENUE 2 659204,1.363584,103.7450276,BUKIT BATOK,WEST
DUNMAN HIGH SCHOOL,10   TANJONG RHU ROAD,436895,10   TANJONG RHU ROAD 436895,1.2985695,103.8828735,KALLANG,EAST
DUNMAN SECONDARY SCHOOL,21   TAMPINES STREET 45,529093,21   TAMPINES STREET 45 529093,1.360673,103.956206,TAMPINES,EAST
EAST SPRING PRIMARY SCHOOL,31   TAMPINES ST 33,529258,31   TAMPINES ST 33 529258,1.353454,103.9617985,TAMPINES,EAST
EAST SPRING SECONDARY SCHOOL,30   TAMPINES STREET 34,529231,30   TAMPINES STREET 34 529231,1.3560515,103.9605866,TAMPINES,EAST
EDGEFIELD PRIMARY SCHOOL,41   EDGEFIELD PLAINS,828869,41   EDGEFIELD PLAINS 828869,1.4004367,103.9076926,PUNGGOL,NORTH
EDGEFIELD SECONDARY SCHOOL,36   PUNGGOL FIELD,828814,36   PUNGGOL FIELD 828814,1.399882,103.902302,PUNGGOL,NORTH
ELIAS PARK PRIMARY SCHOOL,11   PASIR RIS STREET 52,518866,11   PASIR RIS STREET 52 518866,1.3749538,103.9452385,PASIR RIS,EAST
ENDEAVOUR PRIMARY SCHOOL,10   Admiralty Link,757521,10   Admiralty Link 757521,1.4541039,103.81746,SEMBAWANG,NORTH
EUNOIA JUNIOR COLLEGE,2    Sin Ming Place,573838,2    Sin Ming Place 573838,1.3626165,103.8394527,BISHAN,NORTH
EUNOS PRIMARY SCHOOL,95   JALAN EUNOS,419529,95   JALAN EUNOS 419529,1.324223,103.904727,GEYLANG,EAST
EVERGREEN PRIMARY SCHOOL,31   WOODLANDS CIRCLE,738908,31   WOODLANDS CIRCLE 738908,1.444082,103.795038,WOODLANDS,NORTH
EVERGREEN SECONDARY SCHOOL,11   WOODLANDS STREET 83,738489,11   WOODLANDS STREET 83 738489,1.441283,103.794011,WOODLANDS,NORTH
FAIRFIELD METHODIST SCHOOL (PRIMARY),100  DOVER ROAD,139648,100  DOVER ROAD 139648,1.3007439,103.785809,QUEENSTOWN,SOUTH
FAIRFIELD METHODIST SCHOOL (SECONDARY),102  DOVER ROAD,139649,102  DOVER ROAD 139649,1.3017793,103.784589,QUEENSTOWN,SOUTH
FAJAR SECONDARY SCHOOL,31   GANGSA ROAD,678972,31   GANGSA ROAD 678972,1.3753749,103.7644367,BUKIT PANJANG,WEST
FARRER PARK PRIMARY SCHOOL,2    FARRER PARK ROAD,217567,2    FARRER PARK ROAD 217567,1.3123088,103.850792,KALLANG,SOUTH
FENGSHAN PRIMARY SCHOOL,307  BEDOK NORTH ROAD,469680,307  BEDOK NORTH ROAD 469680,1.3299176,103.9318916,BEDOK,EAST
FERN GREEN PRIMARY SCHOOL,70   Fernvale Link,797538,70   Fernvale Link 797538,1.3975315,103.8798637,SENG KANG,EAST
FERNVALE PRIMARY SCHOOL,1    Fernvale Lane,797701,1    Fernvale Lane 797701,1.389948,103.873919,SENG KANG,NORTH
FIRST TOA PAYOH PRIMARY SCHOOL,7    LORONG 8 TOA PAYOH,319252,7    LORONG 8 TOA PAYOH 319252,1.340145,103.855651,TOA PAYOH,SOUTH
FRONTIER PRIMARY SCHOOL,20   Jurong West Street 61,648200,20   Jurong West Street 61 648200,1.3365813,103.6990865,JURONG WEST,WEST
FUCHUN PRIMARY SCHOOL,23   WOODLANDS AVENUE 1,739063,23   WOODLANDS AVENUE 1 739063,1.4302,103.778088,WOODLANDS,NORTH
FUCHUN SECONDARY SCHOOL,21   WOODLANDS AVENUE 1,739062,21   WOODLANDS AVENUE 1 739062,1.430948,103.777326,WOODLANDS,NORTH
FUHUA PRIMARY SCHOOL,65   JURONG EAST STREET 13,609647,65   JURONG EAST STREET 13 609647,1.3366744,103.7363383,JURONG EAST,WEST
FUHUA SECONDARY SCHOOL,5    JURONG WEST STREET 41,649410,5    JURONG WEST STREET 41 649410,1.346902,103.726756,JURONG WEST,WEST
GAN ENG SENG PRIMARY SCHOOL,100  REDHILL CLOSE,158901,100  REDHILL CLOSE 158901,1.2858277,103.8153327,BUKIT MERAH,SOUTH
GAN ENG SENG SCHOOL,1    HENDERSON ROAD,159561,1    HENDERSON ROAD 159561,1.289032,103.8238647,BUKIT MERAH,SOUTH
GEYLANG METHODIST SCHOOL (PRIMARY),4    Geylang East Central,389706,4    Geylang East Central 389706,1.3179179,103.882915,GEYLANG,EAST
GEYLANG METHODIST SCHOOL (SECONDARY),2    GEYLANG EAST CENTRAL,389705,2    GEYLANG EAST CENTRAL 389705,1.318124,103.8829,GEYLANG,EAST
GONGSHANG PRIMARY SCHOOL,1    TAMPINES STREET 42,529176,1    TAMPINES STREET 42 529176,1.357339,103.948893,TAMPINES,EAST
GREENDALE PRIMARY SCHOOL,50   Edgedale Plains,828848,50   Edgedale Plains 828848,1.396398,103.9126762,PUNGGOL,NORTH
GREENDALE SECONDARY SCHOOL,51   EDGEDALE PLAINS,828866,51   EDGEDALE PLAINS 828866,1.396986,103.9117179,PUNGGOL,NORTH
GREENRIDGE PRIMARY SCHOOL,11   JELAPANG ROAD,677744,11   JELAPANG ROAD 677744,1.3856591,103.7679301,BUKIT PANJANG,WEST
GREENRIDGE SECONDARY SCHOOL,32   BUKIT PANJANG RING ROAD,679938,32   BUKIT PANJANG RING ROAD 679938,1.3820599,103.7738085,BUKIT PANJANG,WEST
GREENWOOD PRIMARY SCHOOL,11   WOODLANDS  DR  62,737942,11   WOODLANDS  DR  62 737942,1.43985,103.804609,WOODLANDS,NORTH
GUANGYANG PRIMARY SCHOOL,6    Bishan Street 12,579806,6    Bishan Street 12 579806,1.345887,103.849315,BISHAN,SOUTH
GUANGYANG SECONDARY SCHOOL,8    BISHAN STREET 12,579807,8    BISHAN STREET 12 579807,1.344693,103.850566,BISHAN,SOUTH
HAI SING CATHOLIC SCHOOL,9    PASIR RIS DRIVE 6,519421,9    PASIR RIS DRIVE 6 519421,1.374513,103.954463,PASIR RIS,EAST
HAIG GIRLS' SCHOOL,51   Koon Seng Road,427072,51   Koon Seng Road 427072,1.3115593,103.9026249,GEYLANG,EAST
HENRY PARK PRIMARY SCHOOL,1    HOLLAND GROVE ROAD,278790,1    HOLLAND GROVE ROAD 278790,1.3168709,103.784132,BUKIT TIMAH,WEST
HILLGROVE SECONDARY SCHOOL,10   BUKIT BATOK STREET 52,659250,10   BUKIT BATOK STREET 52 659250,1.35277,103.752785,BUKIT BATOK,WEST
HOLY INNOCENTS' HIGH SCHOOL,1191 UPPER SERANGOON ROAD,534786,1191 UPPER SERANGOON ROAD 534786,1.371204,103.896018,HOUGANG,SOUTH
HOLY INNOCENTS' PRIMARY SCHOOL,5    Lorong Low Koon,536451,5    Lorong Low Koon 536451,1.366573,103.893711,HOUGANG,SOUTH
HONG WEN SCHOOL,30   TOWNER ROAD,327829,30   TOWNER ROAD 327829,1.3219278,103.8576768,KALLANG,SOUTH
HORIZON PRIMARY SCHOOL,61   Edgedale Plains,828819,61   Edgedale Plains 828819,1.400025,103.913058,PUNGGOL,NORTH
HOUGANG PRIMARY SCHOOL,1    HOUGANG ST 93,534238,1    HOUGANG ST 93 534238,1.37734,103.881046,HOUGANG,NORTH
HOUGANG SECONDARY SCHOOL,2    HOUGANG STREET 93,534256,2    HOUGANG STREET 93 534256,1.377661,103.88253,HOUGANG,NORTH
HUA YI SECONDARY SCHOOL,60   JURONG WEST ST 42,649371,60   JURONG WEST ST 42 649371,1.351473,103.72158,JURONG WEST,WEST
HUAMIN PRIMARY SCHOOL,21   YISHUN AVENUE 11,768857,21   YISHUN AVENUE 11 768857,1.4269293,103.8442699,YISHUN,NORTH
HWA CHONG INSTITUTION,661  BUKIT TIMAH ROAD,269734,661  BUKIT TIMAH ROAD 269734,1.3264142,103.8034243,BUKIT TIMAH,WEST
INNOVA PRIMARY SCHOOL,80   Woodlands Drive 17,737888,80   Woodlands Drive 17 737888,1.428957,103.790631,WOODLANDS,NORTH
JIEMIN PRIMARY SCHOOL,2    YISHUN STREET 71,768515,2    YISHUN STREET 71 768515,1.4276007,103.830502,YISHUN,NORTH
JING SHAN PRIMARY SCHOOL,5    ANG MO KIO ST 52,569228,5    ANG MO KIO ST 52 569228,1.3714789,103.851863,ANG MO KIO,SOUTH
JUNYUAN PRIMARY SCHOOL,2    Tampines Street 91,528906,2    Tampines Street 91 528906,1.347973,103.940012,TAMPINES,EAST
JUNYUAN SECONDARY SCHOOL,11   TAMPINES STREET 84,528933,11   TAMPINES STREET 84 528933,1.3533278,103.9335232,TAMPINES,EAST
JURONG PIONEER JUNIOR COLLEGE,21   Teck Whye Walk,688258,21   Teck Whye Walk 688258,1.384627,103.753951,CHOA CHU KANG,WEST
JURONG PRIMARY SCHOOL,320  JURONG EAST Street 32,609476,320  JURONG EAST Street 32 609476,1.348679,103.732992,JURONG EAST,WEST
JURONG SECONDARY SCHOOL,31   YUAN CHING ROAD,618652,31   YUAN CHING ROAD 618652,1.3304452,103.7242105,JURONG WEST,WEST
JURONG WEST PRIMARY SCHOOL,30   JURONG WEST ST 61,648368,30   JURONG WEST ST 61 648368,1.339037,103.698854,JURONG WEST,WEST
JURONG WEST SECONDARY SCHOOL,61   JURONG WEST STREET 65,648348,61   JURONG WEST STREET 65 648348,1.3352829,103.7020861,JURONG WEST,WEST
JURONGVILLE SECONDARY SCHOOL,202  JURONG EAST AVENUE 1,609790,202  JURONG EAST AVENUE 1 609790,1.351493,103.729161,JURONG EAST,WEST
JUYING PRIMARY SCHOOL,31   JURONG WEST STREET 91,649037,31   JURONG WEST STREET 91 649037,1.33837,103.688061,JURONG WEST,WEST
JUYING SECONDARY SCHOOL,33   JURONG WEST STREET 91,649038,33   JURONG WEST STREET 91 649038,1.3382721,103.6872907,JURONG WEST,WEST
KEMING PRIMARY SCHOOL,90   BUKIT BATOK EAST AVENUE 6,659762,90   BUKIT BATOK EAST AVENUE 6 659762,1.3454147,103.7562455,BUKIT BATOK,WEST
KENT RIDGE SECONDARY SCHOOL,147  WEST COAST ROAD,127368,147  WEST COAST ROAD 127368,1.3013766,103.7649426,CLEMENTI,SOUTH
KHENG CHENG SCHOOL,15   LORONG 3 TOA PAYOH,319580,15   LORONG 3 TOA PAYOH 319580,1.337666,103.847796,TOA PAYOH,SOUTH
KONG HWA SCHOOL,350  GUILLEMARD ROAD,399772,350  GUILLEMARD ROAD 399772,1.311,103.8878503,GEYLANG,EAST
KRANJI PRIMARY SCHOOL,11   CHOA CHU KANG STREET 54,689189,11   CHOA CHU KANG STREET 54 689189,1.393694,103.7477849,CHOA CHU KANG,WEST
KRANJI SECONDARY SCHOOL,61   CHOA CHU KANG STREET 51,689333,61   CHOA CHU KANG STREET 51 689333,1.3906192,103.7415227,CHOA CHU KANG,WEST
KUO CHUAN PRESBYTERIAN PRIMARY SCHOOL,8    BISHAN STREET 13,579793,8    BISHAN STREET 13 579793,1.349116,103.854727,BISHAN,SOUTH
KUO CHUAN PRESBYTERIAN SECONDARY SCHOOL,10   BISHAN STREET 13,579795,10   BISHAN STREET 13 579795,1.3502007,103.8545967,BISHAN,SOUTH
LAKESIDE PRIMARY SCHOOL,161  Corporation Walk,618310,161  Corporation Walk 618310,1.3387756,103.7186816,JURONG WEST,WEST
LIANHUA PRIMARY SCHOOL,2    BUKIT BATOK STREET 52,659243,2    BUKIT BATOK STREET 52 659243,1.354143,103.754202,BUKIT BATOK,WEST
LOYANG VIEW SECONDARY SCHOOL,12   PASIR RIS STREET 11,519073,12   PASIR RIS STREET 11 519073,1.366972,103.956826,PASIR RIS,EAST
MAHA BODHI SCHOOL,10   UBI AVENUE 1,408931,10   UBI AVENUE 1 408931,1.328413,103.9015463,GEYLANG,EAST
MANJUSRI SECONDARY SCHOOL,20   UBI AVENUE 1,408940,20   UBI AVENUE 1 408940,1.3274138,103.9013422,GEYLANG,EAST
MARIS STELLA HIGH SCHOOL,25   MOUNT VERNON ROAD,368051,25   MOUNT VERNON ROAD 368051,1.341737,103.8782839,TOA PAYOH,NORTH
MARSILING PRIMARY SCHOOL,31   WOODLANDS CENTRE ROAD,738927,31   WOODLANDS CENTRE ROAD 738927,1.433827,103.773663,WOODLANDS,NORTH
MARSILING SECONDARY SCHOOL,12   MARSILING ROAD,739110,12   MARSILING ROAD 739110,1.4381054,103.7763303,WOODLANDS,NORTH
MARYMOUNT CONVENT SCHOOL,20   Marymount Road,297754,20   Marymount Road 297754,1.3397452,103.8393785,TOA PAYOH,SOUTH
MAYFLOWER PRIMARY SCHOOL,6    ANG MO KIO AVE 2,569948,6    ANG MO KIO AVE 2 569948,1.3762339,103.8357985,ANG MO KIO,SOUTH
MAYFLOWER SECONDARY SCHOOL,2    ANG MO KIO STREET 21,569384,2    ANG MO KIO STREET 21 569384,1.368331,103.835438,ANG MO KIO,SOUTH
MEE TOH SCHOOL,21   EDGEDALE PLAINS,828867,21   EDGEDALE PLAINS 828867,1.3947729,103.9089333,PUNGGOL,NORTH
MERIDIAN PRIMARY SCHOOL,20   PASIR RIS ST 71,518798,20   PASIR RIS ST 71 518798,1.3762378,103.9352454,PASIR RIS,EAST
MERIDIAN SECONDARY SCHOOL,31   PASIR RIS STREET 51,518901,31   PASIR RIS STREET 51 518901,1.3671009,103.949261,PASIR RIS,EAST
METHODIST GIRLS' SCHOOL (PRIMARY),11   Blackmore Drive,599986,11   Blackmore Drive 599986,1.332954,103.782566,BUKIT TIMAH,WEST
METHODIST GIRLS' SCHOOL (SECONDARY),11   BLACKMORE DRIVE,599986,11   BLACKMORE DRIVE 599986,1.332954,103.782566,BUKIT TIMAH,WEST
MILLENNIA INSTITUTE,60   Bukit Batok West Avenue 8,658965,60   Bukit Batok West Avenue 8 658965,1.3510437,103.7417383,BUKIT BATOK,WEST
MONTFORT JUNIOR SCHOOL,52   HOUGANG AVENUE 8,538786,52   HOUGANG AVENUE 8 538786,1.373864,103.889614,HOUGANG,NORTH
MONTFORT SECONDARY SCHOOL,50   HOUGANG AVENUE 8,538785,50   HOUGANG AVENUE 8 538785,1.373518,103.888992,HOUGANG,NORTH
NAN CHIAU HIGH SCHOOL,20   ANCHORVALE LINK,545079,20   ANCHORVALE LINK 545079,1.3892557,103.8901125,SENG KANG,NORTH
NAN CHIAU PRIMARY SCHOOL,50   ANCHORVALE LINK,545080,50   ANCHORVALE LINK 545080,1.391841,103.890834,SENG KANG,NORTH
NAN HUA HIGH SCHOOL,41   CLEMENTI AVENUE 1,129956,41   CLEMENTI AVENUE 1 129956,1.30807,103.769189,CLEMENTI,WEST
NAN HUA PRIMARY SCHOOL,30   Jalan Lempeng,128806,30   Jalan Lempeng 128806,1.3196188,103.761412,CLEMENTI,WEST
NANYANG GIRLS' HIGH SCHOOL,2    LINDEN DRIVE,288683,2    LINDEN DRIVE 288683,1.3305862,103.8024271,BUKIT TIMAH,WEST
NANYANG JUNIOR COLLEGE,128  SERANGOON AVENUE 3,556111,128  SERANGOON AVENUE 3 556111,1.3503224,103.8664323,SERANGOON,SOUTH
NANYANG PRIMARY SCHOOL,52   KING'S ROAD,268097,52   KING'S ROAD 268097,1.3210855,103.8077117,BUKIT TIMAH,WEST
NATIONAL JUNIOR COLLEGE,37   HILLCREST ROAD,288913,37   HILLCREST ROAD 288913,1.3299997,103.80445,BUKIT TIMAH,SOUTH
NAVAL BASE PRIMARY SCHOOL,7    YISHUN AVE 4,769028,7    YISHUN AVE 4 769028,1.4163264,103.8387445,YISHUN,NORTH
NAVAL BASE SECONDARY SCHOOL,901  YISHUN RING ROAD,768689,901  YISHUN RING ROAD 768689,1.4192087,103.8310468,YISHUN,NORTH
NEW TOWN PRIMARY SCHOOL,300  Tanglin Halt Road,148812,300  Tanglin Halt Road 148812,1.2999119,103.7998822,QUEENSTOWN,SOUTH
NEW TOWN SECONDARY SCHOOL,1020 DOVER ROAD,139657,1020 DOVER ROAD 139657,1.3091505,103.7736048,QUEENSTOWN,WEST
NGEE ANN PRIMARY SCHOOL,344  MARINE TERRACE,449149,344  MARINE TERRACE 449149,1.3055653,103.9181149,MARINE PARADE,EAST
NGEE ANN SECONDARY SCHOOL,1    TAMPINES STREET 32,529283,1    TAMPINES STREET 32 529283,1.3542893,103.9568201,TAMPINES,EAST
NORTH SPRING PRIMARY SCHOOL,1    RIVERVALE STREET,545088,1    RIVERVALE STREET 545088,1.3868822,103.9036094,SENG KANG,NORTH
NORTH VIEW PRIMARY SCHOOL,210  YISHUN AVENUE 6,768960,210  YISHUN AVENUE 6 768960,1.4277102,103.8485274,YISHUN,NORTH
NORTH VISTA PRIMARY SCHOOL,20   Compassvale Link,544974,20   Compassvale Link 544974,1.3828084,103.8960478,SENG KANG,NORTH
NORTH VISTA SECONDARY SCHOOL,11   RIVERVALE LINK,545081,11   RIVERVALE LINK 545081,1.38121,103.8990751,SENG KANG,NORTH
NORTHBROOKS SECONDARY SCHOOL,585  YISHUN RING ROAD,768692,585  YISHUN RING ROAD 768692,1.4209822,103.8450852,YISHUN,NORTH
NORTHLAND PRIMARY SCHOOL,15   YISHUN AVENUE 4,769026,15   YISHUN AVENUE 4 769026,1.4210098,103.8405561,YISHUN,NORTH
NORTHLAND SECONDARY SCHOOL,3    YISHUN STREET 22,768578,3    YISHUN STREET 22 768578,1.435827,103.840098,YISHUN,NORTH
NORTHLIGHT SCHOOL,151  Towner Road,327830,151  Towner Road 327830,1.3207365,103.8576769,MARINE PARADE,SOUTH
NORTHOAKS PRIMARY SCHOOL,61   Sembawang Drive,757622,61   Sembawang Drive 757622,1.456638,103.813826,SEMBAWANG,NORTH
NUS HIGH SCHOOL OF MATHEMATICS AND SCIENCE,20   Clementi Avenue 1,129957,20   Clementi Avenue 1 129957,1.3065479,103.7691976,CLEMENTI,WEST
OASIS PRIMARY SCHOOL,71   Edgefield Plains,828716,71   Edgefield Plains 828716,1.404288,103.9109619,PUNGGOL,EAST
OPERA ESTATE PRIMARY SCHOOL,48   FIDELIO STREET,458436,48   FIDELIO STREET 458436,1.3195034,103.9236436,BEDOK,EAST
ORCHID PARK SECONDARY SCHOOL,10   YISHUN STREET 81,768454,10   YISHUN STREET 81 768454,1.4153017,103.8383822,YISHUN,NORTH
OUTRAM SECONDARY SCHOOL,3    YORK HILL,168622,3    YORK HILL 168622,1.286507,103.837091,CENTRAL,SOUTH
PALM VIEW PRIMARY SCHOOL,150  Compassvale Bow,544822,150  Compassvale Bow 544822,1.3839074,103.8907953,SENG KANG,NORTH
PARK VIEW PRIMARY SCHOOL,60   PASIR RIS DRIVE 1,519524,60   PASIR RIS DRIVE 1 519524,1.377331,103.939371,PASIR RIS,EAST
PASIR RIS CREST SECONDARY SCHOOL,11   PASIR RIS STREET 41,518934,11   PASIR RIS STREET 41 518934,1.3724026,103.9593862,PASIR RIS,EAST
PASIR RIS PRIMARY SCHOOL,5    PASIR RIS STREET 21,518968,5    PASIR RIS STREET 21 518968,1.3722117,103.9628003,PASIR RIS,EAST
PASIR RIS SECONDARY SCHOOL,390  TAMPINES STREET 21,529400,390  TAMPINES STREET 21 529400,1.354757,103.948533,TAMPINES,EAST
PAYA LEBAR METHODIST GIRLS' SCHOOL (PRIMARY),298  LORONG AH SOO,536741,298  LORONG AH SOO 536741,1.351003,103.884813,HOUGANG,EAST
PAYA LEBAR METHODIST GIRLS' SCHOOL (SECONDARY),296  LOR AH SOO,536742,296  LOR AH SOO 536742,1.3508153,103.8855103,HOUGANG,EAST
PEI CHUN PUBLIC SCHOOL,16   LORONG 7 TOA PAYOH,319320,16   LORONG 7 TOA PAYOH 319320,1.3371116,103.855655,TOA PAYOH,SOUTH
PEI HWA PRESBYTERIAN PRIMARY SCHOOL,7    PEI WAH AVENUE,597610,7    PEI WAH AVENUE 597610,1.338081,103.77613,BUKIT TIMAH,WEST
PEI HWA SECONDARY SCHOOL,21   FERNVALE LINK,797702,21   FERNVALE LINK 797702,1.3907376,103.8785975,SENG KANG,NORTH
PEI TONG PRIMARY SCHOOL,15   CLEMENTI AVENUE 5,129857,15   CLEMENTI AVENUE 5 129857,1.3160707,103.767568,CLEMENTI,SOUTH
PEICAI SECONDARY SCHOOL,10   SERANGOON AVENUE 4,556094,10   SERANGOON AVENUE 4 556094,1.3593637,103.8705336,SERANGOON,SOUTH
PEIRCE SECONDARY SCHOOL,10   SIN MING WALK,575566,10   SIN MING WALK 575566,1.36613,103.829903,BISHAN,SOUTH
PEIYING PRIMARY SCHOOL,651  YISHUN RING ROAD,768687,651  YISHUN RING ROAD 768687,1.4174051,103.8302303,YISHUN,NORTH
PING YI SECONDARY SCHOOL,61   CHAI CHEE STREET,468980,61   CHAI CHEE STREET 468980,1.326674,103.920663,BEDOK,EAST
PIONEER PRIMARY SCHOOL,23   JURONG WEST STREET 81,649076,23   JURONG WEST STREET 81 649076,1.3485344,103.6946147,JURONG WEST,WEST
POI CHING SCHOOL,21   TAMPINES STREET 71,529067,21   TAMPINES STREET 71 529067,1.3577836,103.9352454,TAMPINES,EAST
PRESBYTERIAN HIGH SCHOOL,5209 ANG MO KIO AVENUE 6,569845,5209 ANG MO KIO AVENUE 6 569845,1.382254,103.8431,ANG MO KIO,SOUTH
PRINCESS ELIZABETH PRIMARY SCHOOL,30   BUKIT BATOK WEST AVENUE 3,659163,30   BUKIT BATOK WEST AVENUE 3 659163,1.349481,103.74102,BUKIT BATOK,WEST
PUNGGOL COVE PRIMARY SCHOOL,52   Sumang Walk,828674,52   Sumang Walk 828674,1.4116904,103.89861,PUNGGOL,EAST
PUNGGOL GREEN PRIMARY SCHOOL,98   Punggol Walk,828772,98   Punggol Walk 828772,1.4019576,103.8986304,PUNGGOL,EAST
PUNGGOL PRIMARY SCHOOL,61   HOUGANG AVENUE 8,538787,61   HOUGANG AVENUE 8 538787,1.37819,103.894746,HOUGANG,SOUTH
PUNGGOL SECONDARY SCHOOL,51   EDGEFIELD PLAINS,828870,51   EDGEFIELD PLAINS 828870,1.4020943,103.9094082,PUNGGOL,NORTH
PUNGGOL VIEW PRIMARY SCHOOL,9    Punggol Place,828845,9    Punggol Place 828845,1.4052956,103.9051798,PUNGGOL,EAST
QIFA PRIMARY SCHOOL,50   WEST COAST AVENUE,128104,50   WEST COAST AVENUE 128104,1.3126176,103.7568857,CLEMENTI,WEST
QIHUA PRIMARY SCHOOL,5    WOODLANDS STREET 81,738525,5    WOODLANDS STREET 81 738525,1.442105,103.788557,WOODLANDS,NORTH
QUEENSTOWN PRIMARY SCHOOL,310  MARGARET DR,149303,310  MARGARET DR 149303,1.2958718,103.8076794,QUEENSTOWN,SOUTH
QUEENSTOWN SECONDARY SCHOOL,1    STRATHMORE ROAD,148800,1    STRATHMORE ROAD 148800,1.2938664,103.8132036,QUEENSTOWN,SOUTH
QUEENSWAY SECONDARY SCHOOL,2A   MARGARET DRIVE,149295,2A   MARGARET DRIVE 149295,1.3005119,103.8019743,QUEENSTOWN,SOUTH
RADIN MAS PRIMARY SCHOOL,1    BUKIT PURMEI AVENUE,99840,1    BUKIT PURMEI AVENUE 99840,1.275094,103.8240741,BUKIT MERAH,SOUTH
RAFFLES GIRLS' PRIMARY SCHOOL,21   Hillcrest Road,289072,21   Hillcrest Road 289072,1.3300863,103.8068785,BUKIT TIMAH,SOUTH
RAFFLES GIRLS' SCHOOL (SECONDARY),2    BRADDELL RISE,318871,2    BRADDELL RISE 318871,1.3431522,103.8437425,CENTRAL,SOUTH
RAFFLES INSTITUTION,1    RAFFLES INSTITUTION LANE,575954,1    RAFFLES INSTITUTION LANE 575954,1.3466384,103.8432556,BISHAN,SOUTH
RED SWASTIKA SCHOOL,350  BEDOK NORTH AVENUE 3,469719,350  BEDOK NORTH AVENUE 3 469719,1.3332677,103.9346109,BEDOK,EAST
REGENT SECONDARY SCHOOL,50   CHOA CHU KANG NORTH 5,689621,50   CHOA CHU KANG NORTH 5 689621,1.393079,103.750966,CHOA CHU KANG,WEST
RIVER VALLEY HIGH SCHOOL,6    BOON LAY AVENUE,649961,6    BOON LAY AVENUE 649961,1.3431764,103.709695,JURONG WEST,WEST
RIVER VALLEY PRIMARY SCHOOL,2    RIVER VALLEY GREEN,237993,2    RIVER VALLEY GREEN 237993,1.2938988,103.8362883,CENTRAL,SOUTH
RIVERSIDE PRIMARY SCHOOL,110  Woodlands Crescent,737803,110  Woodlands Crescent 737803,1.4472565,103.8017548,WOODLANDS,NORTH
RIVERSIDE SECONDARY SCHOOL,3    WOODLANDS STREET 81,738524,3    WOODLANDS STREET 81 738524,1.4404834,103.788591,WOODLANDS,NORTH
RIVERVALE PRIMARY SCHOOL,80   RIVERVALE DRIVE,545092,80   RIVERVALE DRIVE 545092,1.393196,103.904383,SENG KANG,NORTH
ROSYTH SCHOOL,21   Serangoon North Avenue 4,555855,21   Serangoon North Avenue 4 555855,1.3729334,103.8748903,SERANGOON,NORTH
RULANG PRIMARY SCHOOL,6    JURONG WEST STREET 52,649295,6    JURONG WEST STREET 52 649295,1.3460661,103.7188844,JURONG WEST,WEST
"SCHOOL OF SCIENCE AND TECHNOLOGY, SINGAPORE",1    Technology Drive,138572,1    Technology Drive 138572,1.3130678,103.7738353,CLEMENTI,WEST
"SCHOOL OF THE ARTS, SINGAPORE",1    Zubir Said Drive,227968,1    Zubir Said Drive 227968,1.299447,103.848618,CENTRAL,SOUTH
SEMBAWANG PRIMARY SCHOOL,10   SEMBAWANG DRIVE,757715,10   SEMBAWANG DRIVE 757715,1.4454915,103.8211733,SEMBAWANG,NORTH
SEMBAWANG SECONDARY SCHOOL,30   SEMBAWANG CRESCENT,757704,30   SEMBAWANG CRESCENT 757704,1.4459577,103.8170072,SEMBAWANG,NORTH
SENG KANG PRIMARY SCHOOL,21   COMPASSVALE WALK,545166,21   COMPASSVALE WALK 545166,1.389086,103.899471,SENG KANG,NORTH
SENG KANG SECONDARY SCHOOL,10   COMPASSVALE LANE,545090,10   COMPASSVALE LANE 545090,1.386517,103.897892,SENG KANG,NORTH
SENGKANG GREEN PRIMARY SCHOOL,15   Fernvale Road,797636,15   Fernvale Road 797636,1.392548,103.8753898,SENG KANG,EAST
SERANGOON GARDEN SECONDARY SCHOOL,21   SERANGOON NORTH AVENUE 1,555889,21   SERANGOON NORTH AVENUE 1 555889,1.36967,103.868983,SERANGOON,SOUTH
SERANGOON SECONDARY SCHOOL,11   UPPER SERANGOON VIEW,534237,11   UPPER SERANGOON VIEW 534237,1.3748927,103.9022635,HOUGANG,NORTH
SHUQUN PRIMARY SCHOOL,8    JURONG WEST STREET 51,649332,8    JURONG WEST STREET 51 649332,1.347595,103.7215779,JURONG WEST,WEST
SI LING PRIMARY SCHOOL,61   WOODLANDS AVENUE 1,739067,61   WOODLANDS AVENUE 1 739067,1.432693,103.78577,WOODLANDS,NORTH
SINGAPORE CHINESE GIRLS' PRIMARY SCHOOL,190  DUNEARN ROAD,309437,190  DUNEARN ROAD 309437,1.3212164,103.8283283,NOVENA,NORTH
SINGAPORE CHINESE GIRLS' SCHOOL,190  DUNEARN ROAD,309437,190  DUNEARN ROAD 309437,1.3212164,103.8283283,NOVENA,NORTH
SINGAPORE SPORTS SCHOOL,1    Champions Way,737913,1    Champions Way 737913,1.426703,103.789056,WOODLANDS,NORTH
SOUTH VIEW PRIMARY SCHOOL,6    Choa Chu Kang Central,689762,6    Choa Chu Kang Central 689762,1.381324,103.747145,CHOA CHU KANG,WEST
SPECTRA SECONDARY SCHOOL,1    WOODLANDS DRIVE 64,737758,1    WOODLANDS DRIVE 64 737758,1.4364557,103.8043789,WOODLANDS,NORTH
SPRINGDALE PRIMARY SCHOOL,71   Anchorvale Link,544799,71   Anchorvale Link 544799,1.3949665,103.8897326,SENG KANG,EAST
SPRINGFIELD SECONDARY SCHOOL,30   TAMPINES AVENUE 8,529593,30   TAMPINES AVENUE 8 529593,1.3498342,103.9300788,TAMPINES,EAST
ST. ANDREW'S JUNIOR COLLEGE,5    Sorby Adams Drive,357691,5    Sorby Adams Drive 357691,1.3331921,103.8630452,TOA PAYOH,SOUTH
ST. ANDREW'S JUNIOR SCHOOL,2    FRANCIS THOMAS DRIVE,359337,2    FRANCIS THOMAS DRIVE 359337,1.331468,103.8652089,TOA PAYOH,SOUTH
ST. ANDREW'S SECONDARY SCHOOL,15   FRANCIS THOMAS DRIVE,359342,15   FRANCIS THOMAS DRIVE 359342,1.3315512,103.8657679,TOA PAYOH,SOUTH
ST. ANTHONY'S CANOSSIAN PRIMARY SCHOOL,1602 BEDOK NORTH AVE 4,469701,1602 BEDOK NORTH AVE 4 469701,1.334282,103.941072,BEDOK,EAST
ST. ANTHONY'S CANOSSIAN SECONDARY SCHOOL,1600 BEDOK NORTH AVENUE 4,469700,1600 BEDOK NORTH AVENUE 4 469700,1.3346733,103.9419424,BEDOK,EAST
ST. ANTHONY'S PRIMARY SCHOOL,30   Bukit Batok St 32,659401,30   Bukit Batok St 32 659401,1.3642757,103.7490186,BUKIT BATOK,WEST
ST. GABRIEL'S PRIMARY SCHOOL,220  Lorong Chuan,556742,220  Lorong Chuan 556742,1.3497182,103.8620253,SERANGOON,SOUTH
ST. GABRIEL'S SECONDARY SCHOOL,24   SERANGOON AVENUE 1,556140,24   SERANGOON AVENUE 1 556140,1.3465641,103.8756152,SERANGOON,SOUTH
ST. HILDA'S PRIMARY SCHOOL,2    Tampines Ave 3,529706,2    Tampines Ave 3 529706,1.3492104,103.936605,TAMPINES,EAST
ST. HILDA'S SECONDARY SCHOOL,2    TAMPINES STREET 82,528986,2    TAMPINES STREET 82 528986,1.3504543,103.9366957,TAMPINES,EAST
ST. JOSEPH'S INSTITUTION,38   MALCOLM ROAD,308274,38   MALCOLM ROAD 308274,1.3229154,103.8285918,NOVENA,SOUTH
ST. JOSEPH'S INSTITUTION JUNIOR,3    ESSEX ROAD,309331,3    ESSEX ROAD 309331,1.317458,103.8459004,NOVENA,SOUTH
ST. MARGARET'S PRIMARY SCHOOL,2    MATTAR ROAD,387724,2    MATTAR ROAD 387724,1.3246436,103.881867,CENTRAL,SOUTH
ST. MARGARET'S SECONDARY SCHOOL,111  FARRER ROAD,259240,111  FARRER ROAD 259240,1.3198595,103.8094906,BUKIT TIMAH,SOUTH
ST. PATRICK'S SCHOOL,490  EAST COAST ROAD,429058,490  EAST COAST ROAD 429058,1.3088628,103.9169367,BEDOK,EAST
ST. STEPHEN'S SCHOOL,20   SIGLAP VIEW,455789,20   SIGLAP VIEW 455789,1.3188814,103.9175727,BEDOK,EAST
STAMFORD PRIMARY SCHOOL,1    VICTORIA LANE,198423,1    VICTORIA LANE 198423,1.304116,103.8572692,CENTRAL,SOUTH
SWISS COTTAGE SECONDARY SCHOOL,3    BUKIT BATOK STREET 34,659322,3    BUKIT BATOK STREET 34 659322,1.3646741,103.7506409,BUKIT BATOK,WEST
TAMPINES MERIDIAN JUNIOR COLLEGE,21   Pasir Ris Street 71,518799,21   Pasir Ris Street 71 518799,1.3766538,103.9372656,PASIR RIS,EAST
TAMPINES NORTH PRIMARY SCHOOL,30   TAMPINES AVENUE 9,529565,30   TAMPINES AVENUE 9 529565,1.360298,103.948581,TAMPINES,EAST
TAMPINES PRIMARY SCHOOL,250  TAMPINES STREET 12,529426,250  TAMPINES STREET 12 529426,1.349774,103.94402,TAMPINES,EAST
TAMPINES SECONDARY SCHOOL,252  TAMPINES ST 12,529427,252  TAMPINES ST 12 529427,1.3498263,103.9439474,TAMPINES,EAST
TANGLIN SECONDARY SCHOOL,301  WEST COAST ROAD,127391,301  WEST COAST ROAD 127391,1.3096831,103.7581531,CLEMENTI,SOUTH
TANJONG KATONG GIRLS' SCHOOL,20   Dunman Lane,439272,20   Dunman Lane 439272,1.308631,103.895897,MARINE PARADE,EAST
TANJONG KATONG PRIMARY SCHOOL,860  NEW UPPER CHANGI ROAD,467353,860  NEW UPPER CHANGI ROAD 467353,1.3243906,103.9388712,MARINE PARADE,EAST
TANJONG KATONG SECONDARY SCHOOL,130  HAIG ROAD,438796,130  HAIG ROAD 438796,1.3086279,103.897257,MARINE PARADE,EAST
TAO NAN SCHOOL,49   MARINE CRESCENT,449761,49   MARINE CRESCENT 449761,1.3049455,103.9113177,MARINE PARADE,EAST
TECK GHEE PRIMARY SCHOOL,1    ANG MO KIO STREET 32,569299,1    ANG MO KIO STREET 32 569299,1.3653954,103.8506032,ANG MO KIO,SOUTH
TECK WHYE PRIMARY SCHOOL,11   TECK WHYE WALK,688261,11   TECK WHYE WALK 688261,1.383126,103.753548,CHOA CHU KANG,WEST
TECK WHYE SECONDARY SCHOOL,31   TECK WHYE CRESCENT,688848,31   TECK WHYE CRESCENT 688848,1.382536,103.755214,CHOA CHU KANG,WEST
TELOK KURAU PRIMARY SCHOOL,50   BEDOK RESERVOIR RD,479239,50   BEDOK RESERVOIR RD 479239,1.3309135,103.9114083,BEDOK,EAST
TEMASEK JUNIOR COLLEGE,22   BEDOK SOUTH ROAD,469278,22   BEDOK SOUTH ROAD 469278,1.3189246,103.9355622,BEDOK,EAST
TEMASEK PRIMARY SCHOOL,501  BEDOK SOUTH AVE 3,469300,501  BEDOK SOUTH AVE 3 469300,1.317502,103.945488,BEDOK,EAST
TEMASEK SECONDARY SCHOOL,600  UPPER EAST COAST ROAD,465561,600  UPPER EAST COAST ROAD 465561,1.3157589,103.9471669,BEDOK,EAST
TOWNSVILLE PRIMARY SCHOOL,3    ANG MO KIO AVE 10,569730,3    ANG MO KIO AVE 10 569730,1.3600534,103.8537829,ANG MO KIO,SOUTH
UNITY PRIMARY SCHOOL,21   CHOA CHU KANG CRESCENT,688268,21   CHOA CHU KANG CRESCENT 688268,1.403245,103.74729,CHOA CHU KANG,WEST
UNITY SECONDARY SCHOOL,20   CHOA CHU KANG STREET 62,689143,20   CHOA CHU KANG STREET 62 689143,1.4000286,103.7461254,CHOA CHU KANG,WEST
VALOUR PRIMARY SCHOOL,52   Sumang Walk,828674,52   Sumang Walk 828674,1.4116904,103.89861,PUNGGOL,EAST
VICTORIA JUNIOR COLLEGE,20   MARINE VISTA,449035,20   MARINE VISTA 449035,1.306142,103.919825,BEDOK,EAST
VICTORIA SCHOOL,2    SIGLAP LINK,448880,2    SIGLAP LINK 448880,1.3085839,103.9275012,BEDOK,EAST
WATERWAY PRIMARY SCHOOL,70   Punggol Drive,828802,70   Punggol Drive 828802,1.3991315,103.9186176,PUNGGOL,EAST
WELLINGTON PRIMARY SCHOOL,10   WELLINGTON CIRCLE,757702,10   WELLINGTON CIRCLE 757702,1.4519448,103.8222601,SEMBAWANG,NORTH
WEST GROVE PRIMARY SCHOOL,1    JURONG WEST ST 72,649223,1    JURONG WEST ST 72 649223,1.34455,103.698987,JURONG WEST,WEST
WEST SPRING PRIMARY SCHOOL,60   Bukit Panjang Ring Road,679946,60   Bukit Panjang Ring Road 679946,1.3895049,103.7652356,BUKIT PANJANG,WEST
WEST SPRING SECONDARY SCHOOL,61   SENJA  ROAD,677737,61   SENJA  ROAD 677737,1.387707,103.760018,BUKIT PANJANG,WEST
WEST VIEW PRIMARY SCHOOL,31   SENJA ROAD,677742,31   SENJA ROAD 677742,1.3835817,103.759692,BUKIT PANJANG,WEST
WESTWOOD PRIMARY SCHOOL,1    Jurong West Street 73,649188,1    Jurong West Street 73 649188,1.3475751,103.7003201,JURONG WEST,WEST
WESTWOOD SECONDARY SCHOOL,11   JURONG WEST STREET 25,648350,11   JURONG WEST STREET 25 648350,1.3537852,103.7017788,JURONG WEST,WEST
WHITE SANDS PRIMARY SCHOOL,2    PASIR RIS ST 11,519075,2    PASIR RIS ST 11 519075,1.3649338,103.9612985,PASIR RIS,EAST
WHITLEY SECONDARY SCHOOL,30   BISHAN STREET 24,579747,30   BISHAN STREET 24 579747,1.3554562,103.8432486,BISHAN,SOUTH
WOODGROVE PRIMARY SCHOOL,2    WOODLANDS DRIVE 14,738079,2    WOODLANDS DRIVE 14 738079,1.4331667,103.7904291,WOODLANDS,NORTH
WOODGROVE SECONDARY SCHOOL,3    WOODLANDS AVENUE 6,738990,3    WOODLANDS AVENUE 6 738990,1.428854,103.7975162,WOODLANDS,NORTH
WOODLANDS PRIMARY SCHOOL,10   WOODLANDS DRIVE 50,738853,10   WOODLANDS DRIVE 50 738853,1.436771,103.791794,WOODLANDS,NORTH
WOODLANDS RING PRIMARY SCHOOL,11   WOODLANDS RING ROAD,738240,11   WOODLANDS RING ROAD 738240,1.434839,103.797928,WOODLANDS,NORTH
WOODLANDS RING SECONDARY SCHOOL,10   WOODLANDS RING ROAD,738239,10   WOODLANDS RING ROAD 738239,1.4364147,103.8007288,WOODLANDS,NORTH
WOODLANDS SECONDARY SCHOOL,11   MARSILING ROAD,739111,11   MARSILING ROAD 739111,1.439565,103.774208,WOODLANDS,NORTH
XINGHUA PRIMARY SCHOOL,45   HOUGANG AVENUE 1,538882,45   HOUGANG AVENUE 1 538882,1.3578717,103.8901506,HOUGANG,SOUTH
XINGNAN PRIMARY SCHOOL,5    JURONG WEST STREET 91,649036,5    JURONG WEST STREET 91 649036,1.34283,103.68778,JURONG WEST,WEST
XINMIN PRIMARY SCHOOL,9    HOUGANG AVENUE 8,538784,9    HOUGANG AVENUE 8 538784,1.371069,103.8830289,HOUGANG,NORTH
XINMIN SECONDARY SCHOOL,11   HOUGANG AVENUE 8,538789,11   HOUGANG AVENUE 8 538789,1.372635,103.883077,HOUGANG,NORTH
XISHAN PRIMARY SCHOOL,8    YISHUN STREET 21,768611,8    YISHUN STREET 21 768611,1.4334989,103.8378387,YISHUN,NORTH
YANGZHENG PRIMARY SCHOOL,15   SERANGOON AVENUE 3,556108,15   SERANGOON AVENUE 3 556108,1.3488764,103.8682765,SERANGOON,SOUTH
YEW TEE PRIMARY SCHOOL,10   CHOA CHU KANG ST 64,689100,10   CHOA CHU KANG ST 64 689100,1.396985,103.751221,CHOA CHU KANG,WEST
YIO CHU KANG PRIMARY SCHOOL,1    HOUGANG STREET 51,538720,1    HOUGANG STREET 51 538720,1.3777919,103.885447,HOUGANG,NORTH
YIO CHU KANG SECONDARY SCHOOL,3063 ANG MO KIO AVENUE 5,569868,3063 ANG MO KIO AVENUE 5 569868,1.377635,103.842103,ANG MO KIO,SOUTH
YISHUN INNOVA JUNIOR COLLEGE,3    YISHUN RING ROAD,768675,3    YISHUN RING ROAD 768675,1.4229008,103.8314201,YISHUN,NORTH
YISHUN PRIMARY SCHOOL,500  YISHUN RING ROAD,768679,500  YISHUN RING ROAD 768679,1.4334484,103.834125,YISHUN,NORTH
YISHUN SECONDARY SCHOOL,4    YISHUN STREET 71,768516,4    YISHUN STREET 71 768516,1.428129,103.828833,YISHUN,NORTH
YISHUN TOWN SECONDARY SCHOOL,6    YISHUN STREET 21,768610,6    YISHUN STREET 21 768610,1.4325411,103.8384727,YISHUN,NORTH
YU NENG PRIMARY SCHOOL,56   BEDOK NORTH ST 3,469623,56   BEDOK NORTH ST 3 469623,1.3338657,103.9324355,na,na
YUAN CHING SECONDARY SCHOOL,103  YUAN CHING ROAD,618654,103  YUAN CHING ROAD 618654,1.341917,103.720994,JURONG WEST,WEST
YUHUA PRIMARY SCHOOL,158  JURONG EAST STREET 24,609558,158  JURONG EAST STREET 24 609558,1.3428019,103.7406829,JURONG EAST,WEST
YUHUA SECONDARY SCHOOL,35   JURONG WEST STREET 41,649406,35   JURONG WEST STREET 41 649406,1.347026,103.722405,JURONG WEST,WEST
YUMIN PRIMARY SCHOOL,3    TAMPINES STREET 21,529393,3    TAMPINES STREET 21 529393,1.3514701,103.9507462,TAMPINES,EAST
YUSOF ISHAK SECONDARY SCHOOL,11   BUKIT BATOK STREET 25,658712,11   BUKIT BATOK STREET 25 658712,1.342423,103.760309,BUKIT BATOK,WEST
YUYING SECONDARY SCHOOL,47   HOUGANG AVENUE 1,538884,47   HOUGANG AVENUE 1 538884,1.3572435,103.8900219,HOUGANG,SOUTH
ZHANGDE PRIMARY SCHOOL,51   Jalan Membina,169485,51   Jalan Membina 169485,1.2843455,103.8260335,BUKIT MERAH,SOUTH
ZHENGHUA PRIMARY SCHOOL,9    Fajar Road,679002,9    Fajar Road 679002,1.37957,103.769301,BUKIT PANJANG,WEST
ZHENGHUA SECONDARY SCHOOL,91   SENJA ROAD,677741,91   SENJA ROAD 677741,1.388271,103.764939,BUKIT PANJANG,WEST
ZHONGHUA PRIMARY SCHOOL,12   SERANGOON AVENUE 4,556095,12   SERANGOON AVENUE 4 556095,1.359895,103.869558,SERANGOON,SOUTH
ZHONGHUA SECONDARY SCHOOL,13   SERANGOON AVENUE 3,556123,13   SERANGOON AVENUE 3 556123,1.3486472,103.869512,SERANGOON,SOUTH
